TSV_LOADING_ID	TSV_LOADING_NAME	LOADING_COUNT	LOADING_DATE	BEGIN_DATETIME	END_DATETIME	LARGE_FROM_FILE	EMPTY_STRING_ALLOWED	DONE_FLG
1	Sea	904	2001/09/04	2017/01/02 12:34:56	2017/01/07 23:52:31	../../mail/sea_large.dfmail	aa1	true
2	Land	415	1983/04/15	2017/01/05 12:34:56			aa2	false
3	Piari	904	2001/09/04	2017/02/05 01:20:10	2017/03/07		aa3	true
4	Bonvo	301	2001/03/01	2017/03/01 01:20:10	2017/03/07 11:22:33	./mail/bonvo_large.dfmail	aa4	true
5	Dstore	821	1992/08/21	2017/02/01 21:20:10	2017/03/07 11:22:33		aa5	true
6	/amba.txt	000	2000/01/01	2017/02/01 21:20:10	2017/03/07 11:22:33		aa6	true
20	aaa	123	2017/03/26	2017/03/26 12:34:56	2017/03/27 12:34:56		aa7	true
21	"b""bb"""		2017/03/26	2017/03/26 12:34:56	2017/03/27 12:34:56		aa8	true
22	"

c
 c

c"	123	2017/03/26	2017/03/26 12:34:56	2017/03/27 12:34:56		aa9	true
23	ddd		2017/03/26	2017/03/26 12:34:56	2017/03/27 12:34:56		bb1	true
24	eee	123	2017/03/26	2017/03/26 12:34:56	2017/03/27 12:34:56		bb2	true
25	fff	123	2017/03/26	2017/03/26 12:34:56	2017/03/27 12:34:56		bb3	true
26	ggg		2017/03/26	2017/03/26 12:34:56	2017/03/27 12:34:56		bb4	true
27	hhh	123	2017/03/26	2017/03/26 12:34:56	2017/03/27 12:34:56		bb5	true
28	iii	123	2017/03/26	2017/03/26 12:34:56	2017/03/27 12:34:56		bb6	true
29	jjj	123	2017/03/26	2017/03/26 12:34:56	2017/03/27 12:34:56		bb7	true
30	"kkk"	123	2017/03/26	2017/03/26 12:34:56	2017/03/27 12:34:56		bb8	true
31	lll	123	2017/03/26	2017/03/26 12:34:56	2017/03/27 12:34:56		bb9	true
32	emptytest_here	123	2025/06/23	2025/06/23 12:34:56	2025/06/30 12:34:56			true
